189,john.smith@example.com,John,Smith,74,2025550123,15,2,2022-04-28,0
190,jane.doe@example.com,Jane,Doe,70,2025550456,14,3,2022-02-14,0
191,bob.johnson@example.com,Bob,Johnson,113,2025550190,13,5,2021-11-30,0
192,kim.jones@example.com,Kim,Jones,19,2025550112,14,4,2022-03-15,0
193,amy.nguyen@example.com,Amy,Nguyen,52,2025550310,12,1,2021-09-22,0
194,peter.smith@example.com,Peter,Smith,44,2025550555,12,7,2022-05-01,0
195,sarah.liu@example.com,Sarah,Liu,155,2025550145,13,6,2022-01-19,0
196,adam.brown@example.com,Adam,Brown,29,2025550800,14,2,2022-02-08,0
197,kelly.wang@example.com,Kelly,Wang,115,2025550250,12,3,2021-10-10,0
198,david.lewis@example.com,David,Lewis,141,2025550733,15,1,2022-06-03,0
199,lisa.jackson@example.com,Lisa,Jackson,116,2025550374,13,4,2021-11-02,0
200,kevin.nguyen@example.com,Kevin,Nguyen,21,2025550912,15,5,2022-05-18,0
201,emily.zhang@example.com,Emily,Zhang,34,2025550600,14,6,2022-03-02,0
202,william.wilson@example.com,William,Wilson,80,2025550719,12,7,2022-05-20,0
203,olivia.white@example.com,Olivia,White,24,2025550813,14,1,2022-02-10,0
204,ryan.kim@example.com,Ryan,Kim,104,2025550525,15,2,2022-04-21,0
205,chloe.thomas@example.com,Chloe,Thomas,29,2025550848,15,3,2022-05-12,0
206,steven.jones@example.com,Steven,Jones,47,2025550302,14,4,2022-03-10,0
207,katie.baker@example.com,Katie,Baker,120,2025550208,12,5,2021-11-16,0
208,ethan.harris@example.com,Ethan,Harris,131,2025550543,14,6,2022-03-30,0
209,samantha.davis@example.com,Samantha,Davis,161,2025550666,13,7,2022-01-10,0
210,eric.miller@example.com,Eric,Miller,60,2025550127,15,1,2022-04-30,0
211,johndoe@gmail.com,John,Doe,148,2815551234,14,6,2022-03-12,0
212,janesmith@yahoo.com,Jane,Smith,36,7135554567,12,2,2021-08-23,0
213,adamjones@hotmail.com,Adam,Jones,101,8325557890,12,7,2021-12-17,0
214,marybrown@gmail.com,Mary,Brown,90,2145555678,13,3,2023-01-09,0
215,chriscarter@yahoo.com,Chris,Carter,16,9725553456,12,1,2021-11-02,0
216,sarawalker@gmail.com,Sara,Walker,154,2815559876,15,4,2022-09-29,0
217,mikedavis@yahoo.com,Mike,Davis,21,5125552345,13,5,2021-10-08,0
218,carolbaker@hotmail.com,Carol,Baker,48,7135556789,14,6,2022-05-17,0
219,peterlee@gmail.com,Peter,Lee,60,2145558901,15,3,2023-04-01,0
220,angelagrant@yahoo.com,Angela,Grant,82,9725554321,12,2,2021-11-23,0
221,joshuawright@hotmail.com,Joshua,Wright,70,2815553456,14,7,2022-06-15,0
222,lisasmith@gmail.com,Lisa,Smith,114,5125556789,12,1,2021-09-07,0
223,tomwilson@yahoo.com,Tom,Wilson,159,2145559012,15,5,2023-02-22,0
224,emilyjones@gmail.com,Emily,Jones,126,7135557890,13,4,2022-01-03,0
225,chrishall@hotmail.com,Chris,Hall,116,9725551234,12,3,2022-08-04,0
226,laurenthomas@yahoo.com,Lauren,Thomas,28,8325554567,14,2,2021-12-27,0
227,davidlee@gmail.com,David,Lee,122,2815558901,13,1,2022-02-08,0
228,sarasmith@yahoo.com,Sara,Smith,39,5125553456,14,7,2022-07-23,0
229,johnbrown@hotmail.com,John,Brown,28,2145554567,13,6,2023-03-19,0
230,megandavis@gmail.com,Megan,Davis,71,7135557890,12,4,2021-11-12,0
231,justinadams@yahoo.com,Justin,Adams,92,8325551234,15,3,2022-09-10,0
232,amandacampbell@hotmail.com,Amanda,Campbell,104,9725556789,14,2,2022-04-29,0
233,jsmith@example.com,John,Smith,142,4155550101,12,2,2022-01-12,0
234,achoi@example.com,Amy,Choi,87,2125550199,13,3,2022-02-20,0
235,rbrown@example.com,Robert,Brown,127,3105550110,15,5,2022-03-15,0
236,ksullivan@example.com,Kate,Sullivan,72,2125550135,12,6,2022-04-10,0
237,jmiller@example.com,John,Miller,113,4155550138,14,7,2022-05-21,0
238,ksmith@example.com,Kimberly,Smith,96,3105550129,13,1,2022-06-08,0
239,gbaker@example.com,Greg,Baker,62,2125550142,12,4,2022-07-16,0
240,lchen@example.com,Lisa,Chen,95,3105550144,13,2,2022-08-24,0
241,jtaylor@example.com,James,Taylor,90,2125550155,12,3,2022-09-02,0
242,rlopez@example.com,Rachel,Lopez,128,4155550156,12,6,2022-10-19,0
243,tcooper@example.com,Timothy,Cooper,76,3105550165,14,5,2022-11-26,0
244,mgarcia@example.com,Maria,Garcia,98,2125550169,13,4,2022-12-13,0
245,rjones@example.com,Rebecca,Jones,53,4155550198,14,2,2023-01-07,0
246,ksmith@example.com,Kevin,Smith,150,2125550179,12,7,2023-02-14,0
247,bthomas@example.com,Brian,Thomas,74,3105550178,14,1,2023-03-23,0
248,lsanchez@example.com,Luis,Sanchez,58,2125550189,13,3,2023-04-30,0
249,sfoster@example.com,Steven,Foster,126,4155550184,15,4,2023-05-12,0
250,ahall@example.com,Andrea,Hall,26,2125550190,12,5,2023-06-18,0
251,hsong@example.com,Helen,Song,23,3105550202,12,1,2023-07-27,0
252,jmartinez@example.com,Julie,Martinez,89,2125550205,15,7,2023-08-16,0
253,jcooper@example.com,Janet,Cooper,50,3105550209,15,2,2023-09-23,0
254,rfoster@example.com,Robert,Foster,63,2125550211,14,6,2023-10-30,0
255,ssmith@example.com,Samantha,Smith,107,4155550219,12,4,2023-11-17,0