16,maryjohnson@example.com,Mary,Johnson,35,1234567890,14,3
17,robertdavis@example.com,Robert,Davis,20,2345678901,15,6
18,jessicaclark@example.com,Jessica,Clark,32,3456789012,14,1
19,davidjackson@example.com,David,Jackson,43,4567890123,13,4
20,lisawilson@example.com,Lisa,Wilson,15,5678901234,12,2
21,richardmartinez@example.com,Richard,Martinez,25,6789012345,14,7
22,jessicahernandez@example.com,Jessica,Hernandez,27,7890123456,13,3
23,davidgonzalez@example.com,David,Gonzalez,16,8901234567,12,5
24,sarahlee@example.com,Sarah,Lee,18,9012345678,15,1
25,johnwilliams2@example.com,John,Williams,33,0123456789,14,5
26,samanthamiller2@example.com,Samantha,Miller,26,1234567890,13,6
27,chrisharris2@example.com,Chris,Harris,48,2345678901,12,2
28,stephanieking2@example.com,Stephanie,King,14,3456789012,15,4
29,justintaylor2@example.com,Justin,Taylor,21,4567890123,12,7
30,josephmartin2@example.com,Joseph,Martin,12,5678901234,14,1
31,kimberlyparker2@example.com,Kimberly,Parker,40,6789012345,15,3
32,johnmiller2@example.com,John,Miller,29,7890123456,13,5
33,amandawilliams2@example.com,Amanda,Williams,39,9012345678,12,6
34,jonathandavis2@example.com,Jonathan,Davis,22,0123456789,15,2
35,ashleymartinez2@example.com,Ashley,Martinez,34,1234567890,14,7
36,davidbrown2@example.com,David,Brown,17,2345678901,13,1
37,lisajohnson2@example.com,Lisa,Johnson,12,3456789012,15,5
38,matthewjones2@example.com,Matthew,Jones,31,4567890123,12,4
39,carolynrivera2@example.com,Carolyn,Rivera,47,5678901234,14,3
40,williamgarcia3@example.com,William,Garcia,28,6789012345,13,2
41,johnmiller3@example.com,John,Miller,45,7890123456,12,6
42,sarahmartinez3@example.com,Sarah,Martinez,19,9012345678,15,1
43,jessicawilson3@example.com,Jessica,Wilson,36,0123456789,14,4
44,josephlee3@example.com,Joseph,Lee,33,1234567890,13,7
46,emilyyoung3@example.com,Emily,Young,28,2345678901,15,3
47,kevindavis3@example.com,Kevin,Davis,19,3456789012,13,2
48,amandamartinez3@example.com,Amanda,Martinez,47,4567890123,14,1
49,michaeltaylor3@example.com,Michael,Taylor,12,5678901234,12,5
50,lindawilliams3@example.com,Linda,Williams,37,6789012345,13,4
51,matthewlee3@example.com,Matthew,Lee,23,7890123456,15,2
52,ashleythomas3@example.com,Ashley,Thomas,29,8901234567,13,4
53,johnrodriguez3@example.com,John,Rodriguez,15,9012345678,12,3
54,sarahcarter3@example.com,Sarah,Carter,32,1234567890,14,5
55,jamesbrown3@example.com,James,Brown,26,2345678901,15,7
56,elizabethlopez3@example.com,Elizabeth,Lopez,38,3456789012,12,1
57,christophermartin3@example.com,Christopher,Martin,21,4567890123,14,6
58,samanthawalker3@example.com,Samantha,Walker,35,5678901234,13,2
59,danielhernandez3@example.com,Daniel,Hernandez,43,6789012345,12,3
60,jessicagarcia3@example.com,Jessica,Garcia,17,7890123456,15,4
61,williamjackson3@example.com,William,Jackson,24,8901234567,14,1
62,mariagonzalez3@example.com,Maria,Gonzalez,44,9012345678,12,2
63,davidlee3@example.com,David,Lee,27,1234567890,13,5
64,amandaadams3@example.com,Amanda,Adams,33,2345678901,14,6
65,michaelsmith3@example.com,Michael,Smith,14,3456789012,12,3
66,laurenjones3@example.com,Lauren,Jones,45,4567890123,15,4
67,ryanperez3@example.com,Ryan,Perez,22,5678901234,13,2
68,emilytaylor3@example.com,Emily,Taylor,19,6789012345,14,1
69,stevenmartinez3@example.com,Steven,Martinez,41,7890123456,12,7
70,kellydavis3@example.com,Kelly,Davis,47,8901234567,13,4
71,nicholassmith3@example.com,Nicholas,Smith,27,9012345678,14,3
72,christinawilson3@example.com,Christina,Wilson,36,1234567890,15,2
73,josephhernandez3@example.com,Joseph,Hernandez,13,2345678901,12,1
74,brittanydavis3@example.com,Brittany,Davis,21,3456789012,14,6
75,ericmiller3@example.com,Eric,Miller,25,4567890123,15,5
76,sophiagarcia3@example.com,Sophia,Garcia,30,5678901234,13,4
77,davidmartinez3@example.com,David,Martinez,48,6789012345,12,2
78,meganthompson3@example.com,Megan,Thompson,46,7890123456,15,3
79,johnwright3@example.com,John,Wright,18,8901234567,12,1